{"branches": 94.73684210526315, "coverage": 99.41747572815534}