{"branches": 55.21739130434783, "coverage": 97.40518962075848}