{"branches": 55.35714285714286, "coverage": 94.04255319148936}