{"branches": 55.35714285714286, "coverage": 94.10234171725932}