{"branches": 55.26315789473685, "coverage": 97.54854368932038}