{"branches": 55.35714285714286, "coverage": 94.06804303576621}